{
  "project_info": {
    "project_number": "873658580249",
    "project_id": "finals-healthcare",
    "storage_bucket": "finals-healthcare.appspot.com"
  },
  "client": [
    {
      "client_info": {
        "mobilesdk_app_id": "1:873658580249:android:32f785a9a7303d04ae5988",
        "android_client_info": {
          "package_name": "com.example.healthcare_finals"
        }
      },
      "oauth_client": [
        {
          "client_id": "873658580249-q07ae3qup6brmu4meerjrc5iumi8cv2h.apps.googleusercontent.com",
          "client_type": 1,
          "android_info": {
            "package_name": "com.example.healthcare_finals",
            "certificate_hash": "35aceeda92f26222bd2b83f90feedc5eb7630eb9"
          }
        },
        {
          "client_id": "873658580249-79nod4npa3mdd6atkshmsk8bnrpbuqpt.apps.googleusercontent.com",
          "client_type": 3
        }
      ],
      "api_key": [
        {
          "current_key": "AIzaSyAaV85edg33NYhViL8IUTdyPXfIEt7nLEk"
        }
      ],
      "services": {
        "appinvite_service": {
          "other_platform_oauth_client": [
            {
              "client_id": "873658580249-79nod4npa3mdd6atkshmsk8bnrpbuqpt.apps.googleusercontent.com",
              "client_type": 3
            }
          ]
        }
      }
    }
  ],
  "configuration_version": "1"
}